{"cameraMode":{"drawMode":0,"name":"Shaded","section":"Shading Mode"},"sceneLighting":true,"audioPlay":false,"sceneViewState":{"showFog":true,"showMaterialUpdate":true,"showSkybox":true,"showFlares":true,"showImageEffects":true,"showParticleSystems":true},"in2DMode":false,"pivot":{"x":554.7853393554688,"y":129.1748046875,"z":-69.2357177734375},"rotation":{"x":-0.2859266698360443,"y":-0.13114415109157563,"z":0.039537593722343448,"w":-0.9484112858772278},"size":365.5723876953125,"orthographic":false}