{"cameraMode":{"drawMode":0,"name":"Shaded","section":"Shading Mode"},"sceneLighting":false,"audioPlay":false,"sceneViewState":{"showFog":true,"showMaterialUpdate":true,"showSkybox":true,"showFlares":true,"showImageEffects":true,"showParticleSystems":true},"in2DMode":false,"pivot":{"x":0.0,"y":0.2645135819911957,"z":-7.499972820281982},"rotation":{"x":-0.38056087493896487,"y":0.5936965942382813,"z":-0.37579286098480227,"w":-0.6012300252914429},"size":35.012569427490237,"orthographic":false}