{"cameraMode":{"drawMode":0,"name":"Shaded","section":"Shading Mode"},"sceneLighting":false,"audioPlay":false,"sceneViewState":{"showFog":true,"showMaterialUpdate":true,"showSkybox":true,"showFlares":true,"showImageEffects":true,"showParticleSystems":true},"in2DMode":false,"pivot":{"x":0.00000667572021484375,"y":5.33723258972168,"z":-0.0000019073486328125},"rotation":{"x":-0.04158354550600052,"y":0.9347254633903503,"z":-0.33307814598083498,"w":-0.11669676750898361},"size":102.11845397949219,"orthographic":false}