{"cameraMode":{"drawMode":0,"name":"Shaded","section":"Shading Mode"},"sceneLighting":false,"audioPlay":false,"sceneViewState":{"showFog":true,"showMaterialUpdate":true,"showSkybox":true,"showFlares":true,"showImageEffects":true,"showParticleSystems":true},"in2DMode":false,"pivot":{"x":0.0000019073486328125,"y":0.2645149827003479,"z":-0.00000476837158203125},"rotation":{"x":-0.38056087493896487,"y":0.5936965942382813,"z":-0.37579286098480227,"w":-0.6012300252914429},"size":46.980804443359378,"orthographic":false}