{"cameraMode":{"drawMode":0,"name":"Shaded","section":"Shading Mode"},"sceneLighting":false,"audioPlay":false,"sceneViewState":{"showFog":true,"showMaterialUpdate":true,"showSkybox":true,"showFlares":true,"showImageEffects":true,"showParticleSystems":true},"in2DMode":false,"pivot":{"x":7.1513824462890629,"y":0.26451313495635989,"z":-7.1513824462890629},"rotation":{"x":-0.38056087493896487,"y":0.5936965942382813,"z":-0.37579286098480227,"w":-0.6012300252914429},"size":140.00933837890626,"orthographic":false}