{"cameraMode":{"drawMode":0,"name":"Shaded","section":"Shading Mode"},"sceneLighting":false,"audioPlay":false,"sceneViewState":{"showFog":true,"showMaterialUpdate":true,"showSkybox":true,"showFlares":true,"showImageEffects":true,"showParticleSystems":true},"in2DMode":false,"pivot":{"x":-0.34787440299987795,"y":0.37939152121543887,"z":-0.6092435121536255},"rotation":{"x":-0.03355028107762337,"y":0.9346427917480469,"z":-0.09171048551797867,"w":-0.34191593527793887},"size":2.768510580062866,"orthographic":false}